{"flutter":{"platforms":{"android":{"default":{"projectId":"escala-msg","appId":"1:1052735402009:android:dcadb49c72be4baa147a88","fileOutput":"android/app/google-services.json"}},"dart":{"lib/firebase_options.dart":{"projectId":"escala-msg","configurations":{"android":"1:1052735402009:android:dcadb49c72be4baa147a88","ios":"1:1052735402009:ios:9596545466ffddc4147a88","macos":"1:1052735402009:ios:9596545466ffddc4147a88","web":"1:1052735402009:web:0bcd12431640976f147a88","windows":"1:1052735402009:web:0bcd12431640976f147a88"}}}}}}